<?xml version="1.0" encoding="ISO-8859-1"?>
<dao>
	<bean class="com.code.aon.commercial.Target">
		<alias names="id,registry_id,registry_name,registry_surname,registry_alias,registry_document"/>
		<hibernate names="id,registry.id,registry.name,registry.surname,registry.alias,registry.document"/>
	</bean>
	
	<bean class="com.code.aon.commercial.OfferDetail">
		<alias names="description,discountExpression,id,item_id,offer_id,price,quantity,status,item_product_type"/>
		<hibernate names="description,discountExpression,id,item.id,offer.id,price,quantity,status,item.product.type"/>
	</bean>
</dao>